RMSE,MAE,R2
360.94342375228575,124.18481255922607,0.23321426425306832
